company_name, company_frequency, company_dividend, company_bonus
Suryaamba spinning mills ltd. , 1 , 1 , 
Bajaj steel industries ltd. , 1 , 4 , 
Diamond infosystems ltd. , 1 , 0 ,  2:1
Steel authority of india ltd. , 1 , 0 , 
Aditya birla chemicals (india) ltd. , 1 , 5 , 
Diamines & chemicals ltd.-$ , 1 , 1 , 
H.p.cotton textile mills ltd. , 1 , 1 , 
Dcb bank limited , 1 , 0 , 
Maxheights infrastructure ltd. , 1 , 0 , 
Kellton tech solutions ltd. , 1 , 0 ,  1:1
Zenlabs ethica ltd , 1 , 0 , 
Sujala trading & holdings ltd , 1 , 0 , 
Bil energy systems ltd. , 1 , 0 ,  1:1
Rajshree sugars & chemicals ltd. , 1 , 1 , 
Elf trading & chemicals manufacturing ltd. , 1 , 2 , 
Bank of maharashtra , 1 , 0 , 
Excel castronics limited , 1 , 0 , 
Security and intelligence services (india) ltd , 1 , 2 , 
Tai industries ltd.-$ , 1 , 0 , 
Allahabad bank , 1 , 1 , 
Nitin fire protection industries ltd. , 1 , 0 , 
Shankara building products ltd , 1 , 2 , 
20 microns ltd. , 1 , 0 , 
Vegetable products ltd , 1 , 0 ,  9:5
C. mahendra exports ltd. , 1 , 0 ,  1:1
Surana solar limited , 1 , 0 , 
Lancer container lines ltd , 1 , 0 ,  3:5
Catvision limited , 1 , 1 , 
National steel & agro industries ltd. , 1 , 0 , 
Central bank of india , 1 , 0 , 
Flexituff international ltd. , 1 , 1 , 
Abans enterprises ltd , 1 , 0 ,  7:1
Shasun pharmaceuticals ltd. , 1 , 1 , 
Majesco ltd , 1 , 1 , 
Laurus labs ltd , 1 , 1 , 
Sarthak metals ltd , 1 , 0 , 
Mas financial services ltd , 1 , 1 , 
Pricol   ltd , 1 , 1 , 
Gujarat intrux ltd.-$ , 1 , 1 , 
Ifgl refractories ltd , 1 , 2 , 
Riddhi siddhi gluco biols ltd.-$ , 1 , 3 , 
Kotak mahindra mutual fund - kotak nifty etf , 1 , 11 , 
Ricoh india ltd. , 1 , 1 , 
Ganon products ltd , 1 , 0 , 
Relstruct buildcon ltd , 1 , 0 , 
Rajputana investment and finance ltd , 1 , 0 ,  9:5
Oceanic foods ltd , 1 , 0 , 
Sadbhav infrastructure project ltd , 1 , 0 , 
Twentyfirst century management services ltd. , 1 , 2 , 
Suyog telematics ltd , 1 , 0 ,  1:5
Binayak tex processors ltd. , 1 , 2 , 
Pricol ltd , 1 , 1 , 
Butterfly gandhimathi appliances ltd , 1 , 1 , 
Kulkarni power & tools ltd. , 1 , 0 , 
Usher agro ltd. , 1 , 0 , 
Kms medisurgi ltd , 1 , 0 , 
Kretto syscon ltd , 1 , 0 ,  2:5
Vedavaag systems ltd. , 1 , 0 , 
Godawari power & ispat ltd. , 1 , 1 , 
Zee media corporation limited , 1 , 0 , 
Oriental veneer products ltd. , 1 , 2 , 
Hilton metal forging ltd. , 1 , 0 , 
Super tannery limited , 1 , 0 , 
Viaan industries ltd , 1 , 0 ,  2:1
Jiya eco-products ltd , 1 , 0 ,  1:5
Kalyani steels ltd. , 1 , 5 , 
Suchitra finance & trading company ltd , 1 , 1 , 
Bharat road network ltd , 1 , 0 , 
Nova publications india ltd , 1 , 0 , 
Somi conveyor beltings ltd. , 1 , 1 , 
Mangalore refinery & petrochemicals ltd. , 1 , 6 , 
Salasar techno engineering ltd , 1 , 1 , 
Triveni engineering & industries ltd. , 1 , 0 , 
Spenta international ltd. , 1 , 1 , 
Dena bank , 1 , 0 , 
Til ltd. , 1 , 3 , 
Tribhovandas bhimji zaveri ltd. , 1 , 1 , 
Bharat agri fert & realty ltd. , 1 , 1 , 
South india projects ltd , 1 , 0 , 
Resonance specialties ltd.-$ , 1 , 0 , 
Shiva granito export ltd , 1 , 0 , 
Manvijay development company ltd , 1 , 0 ,  1:1
Generic engineering construction and projects ltd , 1 , 0 , 
Softsol india ltd. , 1 , 1 , 
Kilpest india ltd. , 1 , 0 , 
Sahyadri industries ltd. , 1 , 1 , 
Welspun enterprises ltd , 1 , 0 , 
Vkj infradevelopers ltd , 1 , 0 ,  1:3
Mauria udyog ltd , 1 , 0 , 
Endurance technologies ltd , 1 , 2 , 
Godrej properties ltd , 1 , 2 , 
Mitsu chem plast ltd , 1 , 0 , 
Hindustan adhesives ltd. , 1 , 1 , 
Punjab national bank , 1 , 3 , 
Bfl asset finvest ltd , 1 , 0 , 
Ccl international ltd. , 1 , 0 , 
Tejnaksh healthcare ltd , 1 , 0 ,  1:1
Samruddhi realty ltd. , 1 , 0 , 
A infrastructure ltd , 1 , 0 , 
Starlit power systems ltd , 1 , 0 ,  1:4
Kirloskar brothers investments ltd. , 1 , 20 , 
Hdfc standard life insurance company ltd , 1 , 1 , 
Infibeam incorporation ltd , 1 , 0 , 
Syndicate bank , 1 , 4 , 
Lycos internet limited , 1 , 0 , 
Vip clothing ltd , 1 , 0 , 
Star paper mills ltd. , 1 , 2 , 
Porwal auto components ltd. , 1 , 0 , 
Vas infrastructure ltd. , 1 , 0 , 
Black rose industries ltd. , 1 , 0 , 
Tata motors ltd. , 1 , 0 , 
Bhagiradha chemicals & industries ltd. , 1 , 1 , 
Mohit industries ltd.-$ , 1 , 1 , 
Snowman logistics ltd , 1 , 0 , 
Ejecta marketing ltd , 1 , 0 , 
Rasi electrodes ltd. , 1 , 0 , 
Bhagyanagar india ltd. , 1 , 0 , 
Austin engineering co.ltd. , 1 , 1 , 
Abirami financial services (india) ltd. , 1 , 0 , 
Pnb housing finance ltd , 1 , 6 , 
Haryana texprints (overseas) limited , 1 , 0 , 
Lohia securities ltd. , 1 , 0 , 
India glycols ltd. , 1 , 1 , 
Antariksh industries ltd , 1 , 0 ,  3:1
Olympic cards ltd. , 1 , 0 , 
Rapid investments ltd. , 1 , 0 , 
Capital trade links ltd , 1 , 0 , 
Dwarikesh sugar industries ltd. , 1 , 10 , 
Gtpl hathway ltd , 1 , 1 , 
Autoriders international ltd. , 1 , 0 ,  1:1
Bank of india , 1 , 5 , 
Speciality restaurants ltd. , 1 , 1 , 
Lotus eye hospital and institute ltd , 1 , 0 , 
Ashari agencies ltd , 1 , 0 ,  4:1
Dhabriya polywood ltd , 1 , 0 ,  1:4
Coromandel agro products & oils ltd. , 1 , 1 , 
Panafic industrials ltd , 1 , 0 , 
Vivimed labs ltd. , 1 , 0 , 
Bampsl securities ltd. , 1 , 0 ,  3:20
Torrent cables ltd. , 1 , 1 , 
Chd developers ltd.-$ , 1 , 0 , 
Bothra metals & alloys ltd. , 1 , 0 , 
Shashijit infraprojects ltd , 1 , 0 , 
Polaris consulting & services limited , 1 , 10 , 
Srs ltd. , 1 , 0 ,  1:1
S chand and company ltd , 1 , 1 , 
Icici lombard general insurance company ltd , 1 , 0 , 
The new india assurance company ltd , 1 , 3 , 
Emco ltd.-$ , 1 , 0 , 
Wall street finance ltd. , 1 , 4 , 
Medicamen biotech ltd.-$ , 1 , 1 , 
Kintech renewables ltd , 1 , 1 , 
Fulford (india) ltd.-$ , 1 , 1 , 
Star ferro and cement ltd , 1 , 1 , 
Rolta india ltd. , 1 , 3 , 
Investment & precision castings ltd. , 1 , 0 , 
Hpl electric & power ltd , 1 , 1 , 
Heidelbergcement india ltd. , 1 , 2 , 
Rainbow papers ltd.-$ , 1 , 0 , 
Indian toners & developers ltd.-$ , 1 , 1 , 
Pocl enterprises ltd , 1 , 1 , 
Rci industries & technologies ltd , 1 , 0 , 
Surana telecom and power limited , 1 , 0 , 
Suraj ltd.-$ , 1 , 1 , 
Elpro international ltd. , 1 , 0 ,  2:1
Smartlink network systems ltd. , 1 , 2 , 
Forbes & company ltd.-$ , 1 , 2 , 
Ruchi soya industries ltd. , 1 , 0 , 
Itd cementation india ltd. , 1 , 0 , 
Rbl bank ltd , 1 , 1 , 
Vls finance ltd. , 1 , 1 , 
Aban offshore ltd. , 1 , 3 , 
Bkm industries ltd , 1 , 0 , 
Kavit industries limited , 1 , 0 ,  1:3
S.p. apparels ltd , 1 , 0 , 
Best eastern hotels ltd. , 1 , 0 , 
Just dial ltd. , 1 , 2 , 
Windsor machines ltd. , 1 , 0 , 
Excel realty n infra ltd , 1 , 0 ,  2:1
Bodhtree consulting ltd , 1 , 0 , 
Sri krishna constructions (india) ltd , 1 , 0 ,  1:10
Rdb realty & infrastructure ltd. , 1 , 1 , 
Stampede capital limited , 1 , 0 ,  1:4
Seamec ltd. , 1 , 1 , 
Prakash constrowell ltd. , 1 , 0 , 
Cosco (india) ltd.-$ , 1 , 1 , 
Mandhana industries ltd , 1 , 2 , 
Ad-manum finance ltd. , 1 , 1 , 
Remi elektrotechnik limited , 1 , 5 , 
Money masters leasing & finance ltd , 1 , 0 ,  1:4
Ras resorts & apart hotels ltd. , 1 , 1 , 
Adroit infotech ltd , 1 , 0 , 
Alexander stamps and coin ltd , 1 , 0 ,  1:5
Ruchi infrastructure ltd. , 1 , 0 , 
Polyspin exports ltd , 1 , 1 , 
Cravatex ltd. , 1 , 2 , 
Gala global products ltd , 1 , 0 ,  1:20
Whirlpool of india ltd. , 1 , 3 , 
Rama steel tubes ltd , 1 , 0 ,  4:1
Govind poy oxygen ltd. , 1 , 1 , 
Bloom dekor ltd.-$ , 1 , 0 , 
Nivedita mercantile & financing ltd. , 1 , 0 , 
Klrf ltd. , 1 , 1 , 
Omax autos ltd. , 1 , 1 , 
Dutron polymers ltd.-$ , 1 , 1 , 
Sagar productions limited , 1 , 0 , 
Vinaditya trading co.ltd. , 1 , 0 ,  47:1
Pratibha industries ltd. , 1 , 0 , 
Filtra consultants and engineers ltd , 1 , 0 ,  3:2
Narendra investments (delhi) ltd , 1 , 0 , 
Tea time ltd. , 1 , 0 ,  093200    
Deepak spinners ltd.-$ , 1 , 2 , 
Liberty shoes ltd. , 1 , 1 , 
Sequent scientific ltd. , 1 , 0 , 
Dwitiya trading ltd , 1 , 0 , 
Uco bank , 1 , 2 , 
Remi process plant & machinery ltd. , 1 , 1 , 
Smartlink holdings ltd , 1 , 2 , 
Corporation bank , 1 , 1 , 
Gujarat automotive gears ltd. , 1 , 0 , 
Prakash steelage ltd. , 1 , 0 , 
Tinna rubber and infrastructure limited , 1 , 2 , 
Ram minerals and chemicals ltd , 1 , 0 ,  4:1
Marvel vinyls ltd. , 1 , 1 , 
Atharv enterprises ltd. , 1 , 0 ,  1:1
D&h india ltd-$ , 1 , 0 , 
Reliance power ltd. , 1 , 1 , 
Tree house education & accessories ltd. , 1 , 2 , 
Encash entertainment ltd , 1 , 0 , 
Ind-agiv commerce ltd. , 1 , 0 , 
Psp projects ltd , 1 , 2 , 
Tiger logistics (india) ltd , 1 , 0 ,  3:2
Advanced enzyme technologies ltd , 1 , 0 , 
Jetking infotrain ltd. , 1 , 1 , 
Csl finance ltd , 1 , 1 , 
Wep solutions ltd. , 1 , 0 , 
Confidence petroleum india ltd. , 1 , 0 , 
Panoramic universal ltd. , 1 , 0 , 
Royal orchid hotels ltd. , 1 , 1 , 
Chemcrux enterprises ltd , 1 , 0 , 
Garware polyester ltd. , 1 , 1 , 
Chd chemicals ltd , 1 , 0 , 
Videocon industries ltd. , 1 , 2 , 
Tata motors  ltd - dvr , 1 , 0 , 
Star delta transformers ltd , 1 , 0 , 
Binani industries ltd. , 1 , 3 , 
Archies ltd. , 1 , 0 , 
Hindustan hardy spicer ltd. , 1 , 0 , 
Fe (india) ltd , 1 , 0 , 
Cosyn ltd , 1 , 1 , 
Pitti laminations ltd.-$ , 1 , 0 , 
Dilip buildcon ltd , 1 , 1 , 
Kesar petroproducts ltd. , 1 , 1 , 
Jmd ventures ltd , 1 , 0 , 
Blue blends (india) ltd , 1 , 0 , 
Msr india ltd. , 1 , 0 , 
Prime customer services ltd , 1 , 0 , 
Parag milk foods ltd , 1 , 0 , 
Industrial investment trust ltd. , 1 , 1 , 
Pmc fincorp limited , 1 , 0 ,  1:1
Leena consultancy ltd. , 1 , 0 , 
Ballarpur industries ltd. , 1 , 0 , 
Daikaffil chemicals india ltd. , 1 , 0 , 
Blue star infotech ltd. , 1 , 4 , 
Idbi bank ltd. , 1 , 0 , 
Wockhardt ltd. , 1 , 10 , 
Steelcast ltd. , 1 , 0 , 
Tube investments of india ltd , 1 , 1 , 
Fortis malar hospitals limited , 1 , 0 , 
Vimal oil & foods ltd.-$ , 1 , 1 , 
Reliance nippon life asset management ltd , 1 , 5 , 
Shrenuj & co.ltd. , 1 , 0 , 
M.k. exim (india) ltd , 1 , 0 , 
Tvs electronics ltd. , 1 , 0 , 
Cineline india limited , 1 , 0 , 
Glance finance ltd. , 1 , 0 , 
Varun beverages ltd , 1 , 2 , 
Loyal equipments ltd , 1 , 0 ,  1:2
Thacker & co.ltd. , 1 , 0 ,  32:21
Mangalam drugs & organics ltd. , 1 , 0 , 
Shervani industrial syndicate ltd. , 1 , 5 , 
Veeram ornaments ltd , 1 , 0 , 
International combustion (india) ltd. , 1 , 1 , 
Tokyo plast international ltd. , 1 , 0 , 
Vardhman industries ltd.-$ , 1 , 1 , 
N.r.agarwal industries ltd. , 1 , 2 , 
Crompton greaves consumer electricals ltd , 1 , 1 , 
Jash dealmark ltd , 1 , 0 ,  1:1
Looks health services limited , 1 , 0 ,  3:4
State bank of bikaner & jaipur , 1 , 14 , 
Brawn biotech ltd. , 1 , 1 , 
Shivalik rasayan ltd , 1 , 1 , 
United drilling tools ltd. , 1 , 1 , 
Akme star housing finance ltd , 1 , 0 ,  1:1
Rdb rasayans ltd. , 1 , 0 , 
India home loan ltd. , 1 , 0 , 
Infinite computer solutions (india) ltd , 1 , 0 ,  1:26
Tcfc finance ltd. , 2 , 2 , 
Renaissance jewellery ltd. , 2 , 3 , 
Andrew yule & company ltd. , 2 , 0 , 
Jagran prakashan ltd. , 2 , 6 , 
Dic india ltd. , 2 , 8 , 
Mercury laboratories ltd , 2 , 2 , 
Yash chemex ltd , 2 , 0 ,  3:2
Premier polyfilm ltd. , 2 , 0 , 
Uni abex alloy products ltd. , 2 , 5 , 
Solitaire machine tools ltd. , 2 , 2 , 
Sahyog multibase ltd , 2 , 0 , 
Chemfab alkalis ltd. , 2 , 2 , 
Paramount cosmetics (india) ltd. , 2 , 0 , 
Skp securities ltd. , 2 , 2 , 
Bhandari hosiery exports ltd. , 2 , 0 , 
Basant agro tech (india) ltd.-$ , 2 , 0 , 
Ashapura intimates fashion ltd. , 2 , 1 , 
Innovative tech pack ltd. , 2 , 0 , 
Ujjivan financial services ltd , 2 , 0 , 
Suditi industries ltd. , 2 , 0 , 
India cements ltd. , 2 , 2 , 
Cmi ltd. , 2 , 2 , 
Indo rama synthetics (india) ltd. , 2 , 2 , 
Spice islands apparels ltd.-$ , 2 , 1 , 
Umang dairies ltd. , 2 , 2 , 
Himadri speciality chemical ltd , 2 , 0 , 
Balrampur chini mills ltd. , 2 , 5 , 
Snl bearings ltd. , 2 , 5 , 
Amba enterprises ltd , 2 , 0 ,  1:5
Jammu & kashmir bank ltd. , 2 , 3 , 
Onward technologies ltd. , 2 , 2 , 
Ambition mica ltd , 2 , 0 ,  1:1 & 1:2
Bls international services ltd , 2 , 0 , 
Kilburn engineering ltd. , 2 , 4 , 
Ugar sugar works ltd.-$ , 2 , 0 , 
Sj corporation ltd. , 2 , 0 , 
Satra properties (india) ltd. , 2 , 0 , 
Jvl agro industries ltd. , 2 , 0 , 
S h kelkar and company ltd , 2 , 2 , 
Abhijit trading company ltd , 2 , 0 , 
Geometric ltd. , 2 , 5 , 
Anil ltd. , 2 , 3 , 
Gee ltd. , 2 , 0 , 
Keltech energies ltd. , 2 , 4 , 
W.h.brady & co.ltd. , 2 , 1 , 
Merck ltd. , 2 , 18 , 
Emkay global financial services ltd. , 2 , 2 , 
8k miles software services ltd. , 2 , 1 ,  1:3
Mahashree trading ltd. , 2 , 0 , 
Idea cellular ltd. , 2 , 0 , 
Omkar speciality chemicals ltd. , 2 , 2 , 
Ventura guaranty ltd. , 2 , 4 , 
Zee learn ltd. , 2 , 0 , 
Pradeep metals ltd. , 2 , 1 , 
Freshtrop fruits ltd. , 2 , 2 , 
Signet industries limited , 2 , 0 , 
Interglobe aviation ltd , 2 , 49 , 
Meera industries ltd , 2 , 2 , 
Elegant marbles & grani industries ltd. , 2 , 4 , 
Gujarat natural resources limited , 2 , 0 , 
Welcast steels ltd. , 2 , 4 , 
Meghmani organics ltd. , 2 , 0 , 
Ushdev international ltd. , 2 , 3 , 
Saurashtra cement ltd. , 2 , 2 , 
Ge power india ltd , 2 , 13 , 
Veer energy & infrastructure ltd. , 2 , 0 , 
Prithvi exchange (india) ltd , 2 , 0 , 
Tajgvk hotels & resorts ltd. , 2 , 0 , 
Technocraft industries (india) ltd. , 2 , 8 , 
Claris lifesciences ltd. , 2 , 4 , 
Gayatri projects ltd. , 2 , 3 , 
Ifci ltd. , 2 , 1 , 
Sarup industries ltd.-$ , 2 , 2 , 
Bcl industries ltd-$ , 2 , 1 , 
Ahmedabad steelcraft ltd. , 2 , 0 , 
Heg ltd. , 2 , 33 , 
Oasis tradelink ltd , 2 , 0 ,  1:3
Kemp & company ltd. , 2 , 1 , 
Reliance chemotex industries ltd.-$ , 2 , 2 , 
Pneumatic holdings ltd , 2 , 16 , 
Shilp gravures ltd.-$ , 2 , 2 , 
Simplex castings ltd. , 2 , 0 , 
Jupiter infomedia ltd. , 2 , 0 , 
Indus finance ltd , 2 , 0 , 
Pudumjee paper products ltd , 2 , 0 , 
Choice international ltd. , 2 , 2 , 
Intec capital ltd. , 2 , 0 , 
Gujarat ambuja exports ltd. , 2 , 0 , 
West leisure resorts ltd , 2 , 0 , 
Oriental hotels ltd. , 2 , 0 , 
Centrum capital ltd. , 2 , 0 , 
Trinity tradelink limited , 2 , 0 , 
Hindoostan mills ltd. , 2 , 8 , 
Ultracab (india) ltd , 2 , 0 ,  1:2
Punjab & sind bank , 2 , 1 , 
Raj television network ltd. , 2 , 0 , 
Andhra bank , 2 , 2 , 
Lovable lingerie ltd. , 2 , 2 , 
Hindusthan urban infrastructure ltd , 2 , 2 , 
Eveready industries india ltd. , 2 , 2 , 
Shilpi cable technologies ltd. , 2 , 2 , 
Vrl logistics ltd , 2 , 9 , 
Modex international securities ltd , 2 , 0 ,  1:1
Indian hotels co.ltd. , 2 , 0 , 
Dcm ltd. , 2 , 2 , 
Prabhat dairy ltd , 2 , 0 , 
Shantai industries ltd , 2 , 1 ,  2:1
Mallcom (india) ltd , 2 , 4 , 
Rama phosphates ltd. , 2 , 1 , 
Morganite crucible (india) ltd. , 2 , 9 , 
Atlanta ltd. , 2 , 0 , 
Shree pushkar chemicals & fertilisers ltd , 2 , 2 , 
Piccadily agro industries ltd. , 2 , 0 ,  1:1 & 1:1
Eicher motors ltd. , 2 , 200 , 
Lokesh machines ltd. , 2 , 0 , 
Atishay ltd , 2 , 0 ,  1:4
State bank of travancore , 2 , 10 , 
Jk paper ltd. , 2 , 1 , 
Dynemic products ltd. , 2 , 2 , 
Idfc limited , 2 , 2 , 
Ashirwad capital ltd. , 2 , 0 , 
West coast paper mills ltd. , 2 , 3 , 
Clariant chemicals (india) ltd. , 2 , 35 , 
Skm egg products export (india) ltd. , 2 , 2 , 
Voith paper fabrics india ltd.-$ , 2 , 8 , 
Kaycee industries ltd. , 2 , 10 , 
Shri keshav cements and infra ltd , 2 , 2 , 
Housing and urban development corporation ltd , 2 , 0 , 
R.s.software india ltd. , 2 , 2 , 
Tanla solutions ltd. , 2 , 0 , 
Cmc ltd. , 2 , 31 , 
Saven technologies ltd. , 2 , 3 , 
Informed technologies india ltd. , 2 , 2 , 
Bnr udyog ltd. , 2 , 1 , 
Shalibhadra finance ltd. , 2 , 2 , 
Mangalore chemicals & fertilizers ltd. , 2 , 0 , 
Tata metaliks ltd. , 2 , 4 , 
Goodricke group ltd. , 2 , 8 , 
Bank of baroda , 2 , 4 , 
Advance syntex ltd , 2 , 0 ,  3:20
Maris spinners ltd.-$ , 2 , 2 , 
Arrow textiles ltd. , 2 , 2 , 
Gitanjali gems ltd. , 2 , 0 , 
Ksb pumps ltd. , 2 , 10 , 
Neuland laboratories ltd. , 2 , 3 , 
Kamadgiri fashion ltd.-$ , 2 , 2 , 
Raunaq epc international ltd , 2 , 2 , 
Seya industries ltd. , 2 , 2 , 
Gilada finance & investments ltd , 2 , 0 , 
E.i.d.-parry (india) ltd. , 2 , 5 , 
Panchsheel organics ltd. , 2 , 1 , 
D.s.kulkarni developers ltd. , 2 , 2 , 
Nahar polyfilms ltd. , 2 , 0 , 
Kwality pharmaceuticals ltd , 2 , 0 ,  1:1
Amd industries ltd. , 2 , 0 , 
Panache innovations ltd , 2 , 1 , 
Canara bank , 2 , 11 , 
Hb portfolio ltd. , 2 , 0 , 
Idfc bank ltd , 2 , 0 , 
Jay ushin ltd. , 2 , 4 , 
Dredging corporation of india ltd. , 2 , 6 , 
Power mech projects ltd , 2 , 2 , 
Union bank of india , 2 , 7 , 
Peninsula land ltd. , 2 , 0 , 
Ponni sugars (erode) ltd. , 2 , 3 , 
Quick heal technologies ltd , 2 , 4 , 
Manaksia ltd. , 2 , 5 , 
Repro india ltd. , 2 , 13 , 
Lypsa gems & jewellery ltd , 2 , 0 ,  2:5
Asahi india glass ltd. , 2 , 1 , 
T t ltd.-$ , 2 , 1 , 
Fiberweb (india) ltd. , 2 , 0 ,  1:1
Asian granito india ltd. , 2 , 0 , 
Kalyani forge ltd. , 2 , 5 , 
Nutraplus india limited , 2 , 0 ,  1:10
Nahar industrial enterprises ltd.-$ , 2 , 2 , 
Adf foods ltd.-$ , 2 , 3 , 
Majestic research services and solutions ltd , 2 , 0 ,  1:1
Salona cotspin ltd. , 2 , 0 , 
Acknit industries ltd. , 2 , 2 , 
Fredun pharmaceuticals ltd , 2 , 0 , 
Bengal tea & fabrics ltd. , 2 , 0 , 
Vikram thermo (india) ltd. , 2 , 1 , 
Dalmia bharat sugar and industries ltd , 2 , 2 , 
Jindal hotels ltd. , 2 , 0 , 
Vipul ltd. , 2 , 0 , 
Ashok alco-chem ltd. , 2 , 2 , 
Ansal housing & construction ltd.-$ , 2 , 0 , 
Ansal buildwell ltd.-$ , 2 , 1 , 
Sika interplant systems ltd. , 2 , 0 , 
Syngene international ltd , 2 , 2 , 
Kriti industries (india) ltd.-$ , 2 , 0 , 
Vidli restaurants ltd , 2 , 0 , 
Hindustan copper ltd. , 2 , 0 , 
Gujarat narmada valley fertilizers & chemicals ltd. , 2 , 7 , 
Vishal bearings ltd , 2 , 0 ,  1:4
Birla cable ltd , 2 , 2 , 
Creative castings ltd , 2 , 13 , 
Arnold holdings ltd , 2 , 0 ,  5:1
Kiocl ltd , 2 , 0 , 
Zuari agro chemicals ltd. , 2 , 3 , 
Chennai petroleum corporation ltd. , 2 , 25 , 
Arex industries ltd. , 2 , 2 , 
Precision camshafts ltd , 2 , 2 , 
Tera software ltd. , 2 , 1 , 
Oriental bank of commerce , 2 , 3 , 
Aditya birla nuvo ltd. , 2 , 12 , 
Schaeffler india ltd , 2 , 22 , 
Gandhi special tubes ltd.-$ , 2 , 16 , 
Luharuka media & infra ltd , 2 , 0 , 
Il&fs transportation networks ltd , 2 , 6 , 
Pee cee cosma sope ltd. , 2 , 3 , 
Abc bearings ltd.-$ , 2 , 4 , 
Valiant organics ltd , 2 , 7 , 
Zicom electronic security systems ltd.-$ , 2 , 1 , 
Waterbase ltd. , 2 , 1 , 
Itl industries ltd.-$ , 2 , 0 , 
Haryana leather chemicals ltd. , 2 , 0 , 
Nitin castings ltd , 2 , 1 , 
Vishnu chemicals ltd. , 2 , 2 , 
Camlin fine sciences ltd. , 2 , 0 , 
Vivid global industries ltd. , 2 , 5 , 
Prime urban development india ltd. , 2 , 0 , 
Citadel realty and developers ltd. , 2 , 1 ,  1:1
Vimta labs ltd.-$ , 2 , 2 , 
Timken india ltd. , 2 , 2 , 
Rane engine valve ltd. , 2 , 4 , 
Ifgl refractories ltd. , 2 , 4 , 
Arman financial services ltd. , 2 , 2 , 
Sw investments ltd , 2 , 0 , 
Anjani portland cement ltd.-$ , 2 , 2 , 
Ipca laboratories ltd. , 2 , 2 , 
Pilani investment and industries corporation ltd , 2 , 50 , 
Swaraj automotives ltd , 2 , 7 , 
Vijaya bank , 2 , 2 , 
Vamshi rubber ltd. , 2 , 2 , 
Bhagwati autocast ltd. , 2 , 0 , 
Walchand peoplefirst ltd. , 2 , 2 , 
Sri kpr industries ltd. , 2 , 1 , 
Astec lifesciences limited , 2 , 2 , 
Sakuma exports ltd. , 3 , 3 , 
Bajaj corp ltd. , 3 , 34 , 
Modern india ltd.-$ , 3 , 0 , 
Gujarat state petronet ltd. , 3 , 3 , 
Titan biotech ltd. , 3 , 0 , 
Nahar spinning mills ltd. , 3 , 3 , 
Hercules hoists ltd. , 3 , 3 , 
Ptc india ltd. , 3 , 7 , 
Asahi songwon colors ltd. , 3 , 8 , 
Transpek industry ltd.-$ , 3 , 21 , 
Mangalam seeds ltd , 3 , 2 ,  1:1
International travel house ltd.-$ , 3 , 12 , 
Amarjothi spinning mills ltd. , 3 , 6 , 
Krbl ltd. , 3 , 4 , 
Mahindra & mahindra financial services ltd. , 3 , 10 , 
Cera sanitaryware ltd. , 3 , 27 , 
Arihant capital markets ltd. , 3 , 0 , 
Banaras beads ltd. , 3 , 4 , 
Texmaco rail & engineering ltd. , 3 , 0 , 
Sms pharmaceuticals ltd. , 3 , 2 , 
J.kumar infraprojects ltd. , 3 , 8 , 
Titan company limited , 3 , 6 , 
Ncc limited , 3 , 0 , 
Lambodhara textiles ltd.-$ , 3 , 2 , 
Reliance capital ltd. , 3 , 29 , 
India gelatine & chemicals ltd.-$ , 3 , 1 , 
Jsw steel ltd. , 3 , 20 , 
Oberoi realty ltd. , 3 , 6 , 
Swiss glascoat equipments ltd. , 3 , 6 , 
Gujarat apollo industries ltd. , 3 , 6 , 
Eimco elecon (india) ltd. , 3 , 15 , 
Welspun corp limited , 3 , 0 , 
Ultramarine & pigments ltd.-$ , 3 , 10 , 
Bombay dyeing & mfg.co.ltd. , 3 , 0 , 
Elixir capital ltd , 3 , 3 , 
Knr constructions ltd. , 3 , 2 , 
Cairn india ltd. , 3 , 24 , 
L&t technology services ltd , 3 , 11 , 
Rasoi ltd. , 3 , 22 , 
Sun pharmaceutical industries ltd. , 3 , 7 , 
Jk agri genetics ltd , 3 , 10 , 
Jindal saw ltd. , 3 , 3 , 
Victoria mills ltd. , 3 , 150 , 
Everest industries ltd. , 3 , 11 , 
Sinclairs hotels ltd.-$ , 3 , 12 , 
Maan aluminium ltd. , 3 , 1 ,  1:1
R.j.shah & co.ltd. , 3 , 12 , 
South indian bank ltd. , 3 , 0 , 
Wires & fabriks (sa) ltd. , 3 , 2 , 
Sri adhikari brothers television network ltd. , 3 , 0 , 
Yes bank ltd. , 3 , 31 , 
India tourism development corporation ltd. , 3 , 4 , 
Shakti pumps (india) ltd.-$ , 3 , 5 , 
Narmada gelatines ltd. , 3 , 11 , 
Unichem laboratories ltd. , 3 , 7 , 
Donear industries ltd.-$ , 3 , 0 , 
Arcotech ltd. , 3 , 2 , 
Gujarat industries power co.ltd. , 3 , 6 , 
Subros ltd. , 3 , 0 , 
Birla corporation ltd. , 3 , 18 , 
Tcpl packaging ltd.-$ , 3 , 19 , 
Standard industries ltd. , 3 , 0 , 
Kse ltd.-$ , 3 , 70 , 
Sutlej textiles & industries ltd. , 3 , 36 , 
J.k.cement ltd. , 3 , 16 , 
Multi commodity exchange of india ltd. , 3 , 31 , 
Dil ltd. , 3 , 9 , 
Orissa minerals development company ltd. , 3 , 7 , 
Marksans pharma ltd. , 3 , 0 , 
Madhucon projects ltd.-$ , 3 , 0 , 
Strides shasun ltd , 3 , 11 , 
Lakshmi vilas bank ltd. , 3 , 7 , 
Ivp ltd. , 3 , 6 , 
Balasore alloys ltd. , 3 , 0 , 
Apl apollo tubes ltd. , 3 , 28 , 
Mirza international ltd. , 3 , 0 , 
Ashiana housing ltd.-$ , 3 , 0 , 
Yuken india ltd.-$ , 3 , 3 , 
Imp powers ltd. , 3 , 0 , 
Eih ltd. , 3 , 2 , 
Jmc projects (india) ltd.-$ , 3 , 3 , 
Super sales india ltd.-$ , 3 , 6 , 
Oracle financial services software ltd. , 3 , 450 , 
Fairchem speciality ltd , 3 , 5 , 
Capri global capital limited , 3 , 2 , 
Pg foils ltd. , 3 , 3 , 
Kridhan infra limited , 3 , 0 , 
Kama holdings limited-$ , 3 , 45 , 
Sunteck realty ltd. , 3 , 4 , 
Greenlam industries ltd , 3 , 2 , 
Tata steel ltd. , 3 , 26 , 
Avanti feeds ltd.-$ , 3 , 43 , 
Adani ports and special economic zone ltd. , 3 , 3 , 
Britannia industries ltd. , 3 , 58 , 
Poddar pigments ltd.-$ , 3 , 5 , 
Priya ltd.-$ , 3 , 3 , 
N.g.industries ltd.-$ , 3 , 9 , 
Rishiroop ltd , 3 , 1 , 
Tata sponge iron ltd. , 3 , 31 , 
Shaily engineering plastics ltd. , 3 , 11 , 
Bengal & assam company ltd. , 3 , 27 , 
Jai corp ltd. , 3 , 0 , 
Omaxe ltd. , 3 , 0 , 
Rpg life sciences ltd. , 3 , 3 , 
Repco home finance ltd. , 3 , 4 , 
Shree hari chemicals export ltd. , 3 , 4 , 
Cox & kings limited , 3 , 3 , 
Transcorp international ltd. , 3 , 0 , 
Indian bank , 3 , 11 , 
South india paper mills ltd. , 3 , 6 , 
Mindteck (india) ltd. , 3 , 3 , 
Torrent power ltd. , 3 , 7 , 
Max financial services ltd , 3 , 3 , 
Vindhya telelinks ltd. , 3 , 18 , 
Zuari global ltd. , 3 , 3 , 
V.s.t.tillers tractors ltd.-$ , 3 , 45 , 
Mahindra lifespace developers ltd. , 3 , 18 , 
Abbott india ltd. , 3 , 106 , 
Blue star ltd. , 3 , 18 , 
Wabco india ltd. , 3 , 18 , 
Tinplate company of india ltd. , 3 , 4 , 
International conveyors ltd. , 3 , 0 , 
Jubilant foodworks ltd , 3 , 6 , 
Florence investech limited-$ , 3 , 61 , 
Nitin spinners ltd. , 3 , 3 , 
Vikas ecotech ltd , 3 , 0 , 
Jsw energy ltd , 3 , 4 , 
Paushak ltd. , 3 , 9 , 
Incap ltd. , 3 , 3 , 
Pnc infratech ltd , 3 , 1 , 
Raymond ltd. , 3 , 7 , 
Sumedha fiscal services ltd. , 3 , 1 , 
Beml ltd. , 3 , 13 , 
Swastika investmart ltd. , 3 , 3 , 
Sobha limited , 3 , 11 , 
Ramco industries ltd. , 3 , 0 , 
Rpp infra projects ltd. , 3 , 0 , 
Jay shree tea & industries ltd. , 3 , 2 , 
Vardhman holdings ltd. , 3 , 11 , 
Deep industries ltd. , 3 , 3 , 
Greenply industries ltd. , 3 , 3 , 
Munjal showa ltd. , 3 , 12 , 
Bigbloc construction ltd , 3 , 0 , 
Kennametal india ltd.-$ , 3 , 6 , 
Jbm auto ltd. , 3 , 5 , 
Dhunseri petrochem limited-$ , 3 , 10 , 
Energy development company ltd. , 3 , 0 , 
Sarda energy & minerals ltd.-$ , 3 , 9 , 
Akar auto industries ltd , 3 , 2 , 
Superhouse ltd. , 3 , 3 , 
Manali petrochemical ltd. , 3 , 0 , 
Ganesha ecosphere ltd. , 3 , 3 , 
Simplex infrastructures ltd. , 3 , 0 , 
Maharashtra scooters ltd. , 3 , 90 , 
Vipul organics ltd , 3 , 0 , 
Glenmark pharmaceuticals ltd. , 3 , 6 , 
Surya roshni ltd. , 3 , 3 , 
Avantel ltd. , 3 , 4 , 
Sambandam spinning mills ltd.-$ , 3 , 8 , 
Coral laboratories ltd. , 3 , 10 , 
Lakshmi electrical control systems ltd. , 3 , 23 , 
The byke hospitality ltd. , 3 , 3 , 
Hinduja ventures ltd. , 3 , 49 , 
Maruti suzuki india ltd. , 3 , 135 , 
Excel industries ltd. , 3 , 14 , 
Zydus wellness ltd.-$ , 3 , 18 , 
Vtm ltd. , 3 , 0 , 
Sadbhav engineering ltd. , 3 , 0 , 
Shanthi gears ltd. , 3 , 1 , 
Gujarat hotels ltd. , 3 , 9 , 
Metal coatings (india) ltd. , 3 , 3 , 
Abm knowledgeware ltd. , 3 , 4 , 
Nahar capital & financial services ltd. , 3 , 3 , 
Shri dinesh mills ltd.-$ , 3 , 3 , 
Gati ltd. , 3 , 1 , 
Dhunseri tea & industries ltd , 3 , 23 , 
Ttk healthcare ltd.-$ , 3 , 14 , 
Astra microwave products ltd. , 3 , 3 , 
Inani marbles & industries ltd. , 3 , 1 , 
Indianivesh ltd. , 3 , 0 , 
Indo-national ltd. , 3 , 75 , 
Orient beverages ltd. , 3 , 0 , 
Godrej industries ltd. , 3 , 3 , 
Ultratech cement ltd. , 3 , 28 , 
Futuristic solutions ltd. , 3 , 0 , 
Flex foods ltd.-$ , 3 , 6 , 
Reliance infrastructure ltd. , 3 , 25 , 
Vadilal industries ltd.-$ , 3 , 3 , 
Deccan cements ltd.-$ , 3 , 13 , 
Escorts ltd. , 3 , 3 , 
Tirupati sarjan ltd. , 3 , 0 , 
Esab india ltd. , 3 , 3 , 
Abb india limited , 3 , 10 , 
63 moons technologies ltd , 3 , 12 , 
Bharat rasayan ltd. , 3 , 3 , 
Capital first ltd. , 3 , 6 , 
Benares hotels ltd. , 3 , 55 , 
Comfort fincap ltd. , 3 , 0 , 
Rapicut carbides ltd. , 3 , 3 , 
Gravita india ltd. , 3 , 0 , 
Emami paper mills ltd. , 3 , 1 , 
Lakshmi mills company ltd.-$ , 3 , 33 , 
Haldyn glass ltd-$ , 3 , 0 , 
Cipla ltd. , 3 , 6 , 
Va tech wabag ltd. , 3 , 12 , 
Integrated financial services ltd. , 3 , 1 , 
Patel integrated logistics ltd.-$ , 3 , 0 , 
Praj industries ltd. , 3 , 3 , 
Sanwaria consumer ltd-$ , 3 , 0 ,  1:1
Southern gas ltd. , 3 , 100 , 
Bhansali engineering polymers ltd.-$ , 3 , 0 , 
Ceat ltd. , 3 , 32 , 
I g petrochemicals ltd. , 3 , 6 , 
Excel crop care ltd. , 3 , 35 , 
Ujaas energy limited , 3 , 0 , 
Sintex industries ltd. , 3 , 0 , 
Larsen & toubro infotech ltd , 3 , 23 , 
Ht media ltd. , 3 , 0 , 
Shree ajit pulp and paper ltd , 3 , 0 , 
Hindustan media ventures ltd. , 3 , 3 , 
Bright brothers ltd.-$ , 3 , 6 , 
Tata investment corporation ltd. , 3 , 52 , 
Essel propack ltd. , 3 , 5 , 
Nucleus software exports ltd. , 3 , 15 , 
Rossell india ltd. , 3 , 0 , 
Kg denim ltd. , 3 , 0 , 
Jagsonpal pharmaceuticals ltd. , 3 , 0 , 
Swasti vinayaka synthetics ltd. , 3 , 0 , 
Manugraph india ltd.-$ , 3 , 1 , 
Simplex realty ltd. , 3 , 2 , 
Kanoria chemicals & industries ltd. , 3 , 3 , 
Veljan denison limited , 3 , 30 , 
Ador welding ltd. , 3 , 15 , 
Mac charles (india) ltd. , 3 , 28 , 
Menon pistons ltd. , 3 , 8 , 
Sml isuzu limited , 3 , 22 , 
Rubfila international ltd. , 3 , 0 , 
Aro granite industries ltd.-$ , 3 , 3 , 
Nirlon ltd. , 3 , 0 , 
Thomas cook (india) ltd. , 3 , 0 , 
Smifs capital markets ltd. , 3 , 2 , 
Muthoot capital services ltd. , 3 , 10 ,  1:10
J.l.morison (india) ltd. , 3 , 3 , 
Gujarat mineral development corporation ltd. , 3 , 9 , 
Geojit financial services ltd , 3 , 3 , 
Nectar lifesciences ltd. , 3 , 0 , 
Millitoons entertainment ltd , 3 , 0 ,  1:1
Rashtriya chemicals & fertilizers ltd. , 3 , 3 , 
Z.f.steering gear (india) ltd.-$ , 3 , 30 , 
Arihant superstructures limited , 3 , 1 , 
Kajaria ceramics ltd. , 3 , 12 , 
Magna electro castings ltd.-$ , 3 , 5 , 
Kalpataru power transmission ltd. , 3 , 4 , 
Satia industries ltd , 3 , 4 , 
Bharat bhushan share & commodity brokers ltd. , 3 , 0 , 
Dhp india ltd. , 3 , 5 , 
Roto pumps ltd. , 3 , 0 , 
Simmonds marshall ltd. , 3 , 0 , 
Stanrose mafatlal investments and finance ltd. , 3 , 18 , 
Jindal worldwide ltd. , 3 , 0 , 
Rajoo engineers ltd.-$ , 3 , 0 , 
Vama industries ltd. , 3 , 0 , 
Setco automotive ltd. , 3 , 1 , 
Responsive industries ltd. , 3 , 0 , 
Amrit corp.ltd.-$ , 3 , 18 , 
Swan energy ltd. , 3 , 0 , 
Swastik safe deposit & investments ltd. , 3 , 3 , 
Shoppers stop ltd. , 3 , 0 , 
Balmer lawrie investments ltd. , 3 , 41 , 
Golkunda diamonds & jewellery ltd. , 3 , 0 , 
Upl limited , 3 , 17 , 
Delta corp ltd. , 3 , 0 , 
Kuantum papers ltd. , 3 , 4 , 
Panasonic carbon india co.ltd.-$ , 3 , 28 , 
Choksi imaging ltd. , 3 , 1 , 
Mafatlal industries ltd.-$ , 3 , 8 , 
Glaxosmithkline pharmaceuticals ltd. , 3 , 142 , 
Pondy oxides & chemicals ltd. , 3 , 7 , 
Kriti nutrients ltd , 3 , 0 , 
Compucom software ltd.-$ , 3 , 0 , 
Gujarat state fertilizers & chemicals ltd. , 3 , 6 , 
Diana tea co.ltd. , 3 , 0 , 
Virat industries ltd. , 3 , 5 , 
Frontier capital ltd , 3 , 2 ,  1:3
Nesco ltd. , 3 , 25 , 
Time technoplast ltd. , 3 , 0 , 
Sanco trans ltd. , 3 , 3 , 
Action construction equipment ltd. , 3 , 0 , 
Mt educare ltd. , 3 , 3 , 
Competent automobiles co.ltd. , 3 , 3 , 
Johnson controls-hitachi air conditioning india ltd , 3 , 3 , 
Jaysynth dyestuff (india) ltd. , 3 , 0 , 
Nitta gelatin india ltd.-$ , 3 , 5 , 
Gruh finance ltd. , 3 , 6 , 
Kei industries ltd. , 3 , 0 , 
Icra ltd. , 3 , 76 , 
Ucal fuel systems ltd. , 3 , 10 , 
Bata india ltd. , 3 , 12 , 
Sicagen india ltd. , 3 , 0 , 
Force motors ltd.-$ , 3 , 25 , 
Rodium realty limited , 3 , 1 , 
Asian star co.ltd.-$ , 3 , 3 , 
National plastic industries ltd. , 3 , 3 , 
Voltamp transformers ltd. , 3 , 37 , 
Aurionpro solutions ltd. , 3 , 7 , 
Bimetal bearings ltd.-$ , 3 , 21 , 
Elgi equipments ltd. , 3 , 3 , 
Future lifestyle fashions ltd , 3 , 0 , 
Cosmo films ltd. , 3 , 23 , 
Oricon enterprises ltd.-$ , 3 , 0 , 
Fedders electric and engineering ltd , 3 , 2 , 
Il&fs investment managers ltd. , 3 , 2 , 
Ruchira papers ltd. , 3 , 4 , 
Mcleod russel india ltd. , 3 , 5 , 
Coral india finance & housing ltd. , 3 , 2 , 
Kabra extrusiontechnik ltd. , 3 , 6 , 
Rushil decor ltd. , 3 , 0 , 
Rishabh digha steel & allied products ltd.-$ , 3 , 3 , 
Magma fincorp ltd. , 3 , 0 , 
Crest ventures limited , 3 , 0 , 
Asian hotels (west) ltd. , 3 , 3 , 
Bayer cropscience ltd. , 3 , 51 , 
Saregama india ltd. , 3 , 3 , 
Orient abrasives ltd.-$ , 3 , 0 , 
Tyche industries ltd. , 3 , 0 , 
T & i global ltd. , 3 , 0 , 
Suryalata spinning mills ltd.-$ , 3 , 4 , 
Niit technologies ltd. , 3 , 31 , 
Vinyl chemicals (india) ltd. , 3 , 3 , 
Grp ltd. , 3 , 31 , 
Caprihans india ltd.-$ , 3 , 3 , 
L&t finance holdings ltd. , 3 , 0 , 
Vst industries ltd. , 3 , 215 , 
Jtekt india ltd , 3 , 0 , 
Gufic biosciences ltd. , 3 , 0 , 
Sacheta metals ltd. , 3 , 0 , 
Kwality limited , 3 , 0 , 
Electrosteel castings ltd. , 3 , 0 , 
Gujarat alkalies & chemicals ltd. , 3 , 13 , 
Bambino agro industries ltd. , 3 , 2 , 
Monte carlo fashions ltd , 3 , 30 , 
Bannari amman spinning mills ltd. , 3 , 3 , 
Onmobile global ltd. , 3 , 3 , 
Arvind ltd. , 3 , 6 , 
Hsil ltd. , 3 , 11 , 
Radix industries (india) limited , 3 , 3 , 
Makers laboratories ltd.-$ , 3 , 3 , 
Weizmann ltd. , 3 , 0 , 
Deepak fertilisers & petrochemicals corporation ltd. , 3 , 15 , 
Dynamic industries ltd.-$ , 3 , 3 , 
Pbm polytex ltd.-$ , 3 , 12 , 
Frontline securities ltd. , 3 , 1 , 
Kanchi karpooram ltd , 3 , 2 , 
Novartis india ltd. , 3 , 30 , 
Navneet education limited , 3 , 6 , 
Godfrey phillips india ltd. , 3 , 24 , 
Mps ltd. , 3 , 22 , 
Lincoln pharmaceuticals ltd. , 3 , 3 , 
Aptech ltd. , 3 , 5 , 
Andhra sugars ltd. , 3 , 18 , 
Ceejay finance ltd. , 3 , 3 , 
Ufo moviez india ltd , 3 , 18 , 
Valson industries ltd.-$ , 3 , 3 , 
Wpil ltd. , 3 , 6 , 
Honeywell automation india ltd. , 3 , 32 , 
Axis bank ltd. , 3 , 14 , 
Raj packaging industries ltd. , 3 , 0 , 
Kiran vyapar ltd , 3 , 6 , 
Super crop safe ltd. , 3 , 0 , 
Maharashtra seamless ltd. , 3 , 12 , 
Indo borax & chemicals ltd.-$ , 3 , 3 , 
Zee entertainment enterprises ltd. , 3 , 6 , 
Karnataka bank ltd. , 3 , 14 , 
Gallantt ispat ltd. , 3 , 2 , 
Srikalahasthi pipes limited , 3 , 14 , 
Mangalam cement ltd. , 3 , 2 , 
Asian hotels (east) ltd. , 3 , 6 , 
Dfm foods ltd. , 3 , 12 , 
Jay bharat maruti ltd. , 3 , 6 , 
Voltas ltd. , 3 , 7 , 
Eldeco housing & industries ltd. , 3 , 24 , 
Dr.agarwal's eye hospital ltd.-$ , 3 , 2 , 
Samkrg pistons & rings ltd.-$ , 3 , 11 , 
Joindre capital services ltd. , 3 , 0 , 
Kec international ltd. , 3 , 2 , 
Inter globe finance ltd. , 3 , 0 , 
Indraprastha medical corp.ltd. , 3 , 3 , 
D-link (india) ltd , 3 , 0 , 
Ishan dyes & chemicals ltd. , 3 , 0 ,  1:2
Agarwal industrial corporation ltd. , 3 , 3 , 
Gujarat fluorochemicals ltd. , 3 , 9 , 
Reliance industrial infrastructure ltd. , 3 , 9 , 
Cybertech systems and software ltd. , 3 , 3 , 
Jindal drilling & industries ltd. , 3 , 0 , 
Alfred herbert (india) ltd. , 3 , 6 , 
Kakatiya cement sugar & industries ltd. , 3 , 7 , 
Dhunseri investments ltd. , 3 , 3 , 
Lahoti overseas ltd.-$ , 3 , 0 , 
Goldcrest corporation limited , 3 , 2 , 
Prime property development corporation ltd.-$ , 3 , 3 , 
Dhampur sugar mills ltd. , 3 , 8 , 
Kifs financial services ltd. , 3 , 0 , 
Bombay oxygen corporation ltd. , 3 , 40 , 
Ocl india ltd. , 3 , 13 , 
Kirloskar ferrous industries ltd. , 3 , 3 , 
Alphageo (india) ltd.-$ , 3 , 8 , 
Rajratan global wire ltd. , 3 , 3 , 
Bajaj electricals ltd.-$ , 3 , 5 , 
Kirloskar brothers ltd.-$ , 3 , 1 , 
Premier explosives ltd. , 3 , 7 , 
Tasty bite eatables ltd. , 3 , 5 , 
Divyashakti granites ltd. , 3 , 3 , 
Ineos styrolution india ltd , 3 , 12 , 
Iifl holdings limited , 3 , 13 , 
Dr.reddy's laboratories ltd. , 3 , 60 , 
Orient press ltd. , 3 , 3 , 
State bank of mysore , 3 , 12 , 
Panasonic energy india company ltd.-$ , 3 , 19 , 
Entertainment network (india) ltd. , 3 , 3 , 
Adani enterprises ltd. , 3 , 1 , 
Ashok leyland ltd. , 3 , 1 , 
Borosil glass works ltd. , 3 , 75 , 
Automotive axles ltd. , 3 , 14 , 
Can fin homes ltd. , 3 , 27 , 
Hitech corporation ltd-$ , 3 , 0 , 
Nocil ltd. , 3 , 3 , 
B&a packaging india limited , 3 , 0 , 
Foods & inns ltd. , 3 , 7 , 
Hind aluminium industries ltd.-$ , 3 , 3 , 
Hindalco industries ltd. , 3 , 3 , 
Kolte-patil developers ltd. , 3 , 4 , 
Hdfc bank ltd , 3 , 28 , 
Ion exchange (india) ltd.-$ , 3 , 9 , 
Zen technologies ltd. , 3 , 0 , 
Stovec industries ltd. , 3 , 75 , 
Aksharchem (india) ltd.-$ , 3 , 9 , 
Ramkrishna forgings ltd. , 3 , 5 , 
Weizmann forex ltd. , 3 , 17 , 
Rswm ltd. , 3 , 34 , 
National peroxide ltd. , 3 , 49 , 
Titagarh wagons ltd. , 3 , 0 , 
Fdc ltd. , 3 , 6 , 
Capital trust ltd. , 3 , 3 , 
Apollo hospitals enterprise ltd. , 3 , 17 , 
Talbros engineering ltd , 3 , 8 ,  1:1
Uflex ltd. , 3 , 8 , 
Pvr ltd. , 3 , 5 , 
Elecon engineering co.ltd. , 3 , 2 , 
Ratnamani metals & tubes ltd.-$ , 3 , 15 , 
K.c.p.ltd. , 3 , 3 , 
Alembic ltd. , 3 , 0 , 
Amj land holdings ltd , 3 , 0 , 
Kcp sugar & industries corporation ltd. , 3 , 0 , 
Genesys international corporation ltd. , 3 , 0 , 
Mohota industries ltd , 3 , 0 , 
Fair deal filaments ltd.-$ , 3 , 1 ,  1:10
Ador fontech ltd.-$ , 3 , 9 , 
Pressman advertising limited , 3 , 3 , 
Swasti vinayaka art and heritage corporation ltd , 3 , 0 , 
Cadila healthcare ltd. , 3 , 18 , 
Multiplus holdings ltd. , 3 , 0 , 
Morarjee textiles ltd. , 3 , 3 , 
Madhav marbles & granites ltd. , 3 , 3 , 
Sree rayalaseema hi-strength hypo ltd. , 3 , 3 , 
Bombay cycle & motor agency ltd. , 3 , 12 , 
Linc pen & plastics ltd.-$ , 3 , 8 , 
Mazda ltd.-$ , 3 , 19 , 
Basf india ltd. , 3 , 6 , 
Cheviot co.ltd.-$ , 3 , 35 , 
Patels airtemp (india) ltd. , 3 , 6 , 
The ramco cements limited , 3 , 7 , 
Radico khaitan ltd. , 3 , 0 , 
Noida toll bridge company ltd. , 3 , 3 , 
Rajapalayam mills ltd.-$ , 3 , 9 , 
Albert david ltd.-$ , 3 , 15 , 
Balaji amines ltd.-$ , 3 , 5 , 
Shiva texyarn ltd. , 3 , 3 , 
Tata global beverages limited , 3 , 6 , 
Suryalakshmi cotton mills ltd. , 3 , 3 , 
Texmaco infrastructure & holdings ltd. , 3 , 0 , 
Deepak nitrite ltd.-$ , 3 , 3 , 
Emmbi industries ltd , 3 , 0 , 
Piramal enterprises ltd. , 3 , 58 , 
Saksoft ltd. , 3 , 8 , 
Vardhman textiles ltd. , 3 , 40 , 
Shivam autotech ltd. , 3 , 1 ,  1:1
Seshasayee paper & boards ltd. , 3 , 19 , 
Jost's engineering co.ltd. , 3 , 7 , 
Tpl plastech ltd. , 3 , 7 , 
Machino plastics ltd.-$ , 3 , 4 , 
Ludlow jute & specialities ltd. , 3 , 3 , 
Talbros automotive components ltd. , 3 , 3 , 
Fluidomat ltd. , 3 , 5 , 
Zodiac ventures limited , 3 , 0 , 
Rain industries ltd , 3 , 3 , 
Keynote corporate services ltd. , 3 , 3 , 
Joonktollee tea & industries ltd , 3 , 5 , 
Sakthi finance ltd. , 3 , 3 , 
Lkp finance limited , 3 , 11 , 
Veritas (india) ltd. , 3 , 0 , 
State bank of india , 3 , 7 , 
Talwalkars better value fitness ltd , 3 , 3 , 
Puravankara ltd , 3 , 3 , 
Polychem ltd. , 3 , 6 , 
Vadilal enterprises ltd. , 3 , 0 , 
Ptc india financial services ltd. , 3 , 3 , 
Indusind bank ltd. , 3 , 14 , 
Lumax industries ltd. , 3 , 31 , 
Orient cement ltd , 3 , 2 , 
K.p. energy ltd , 3 , 1 ,  1.501     
Salzer electronics ltd.-$ , 3 , 3 , 
Jbf industries ltd. , 3 , 4 , 
Carnation industries ltd. , 3 , 0 , 
Shri jagdamba polymers ltd. , 3 , 3 , 
Skipper ltd , 3 , 3 , 
Elnet technologies ltd.-$ , 3 , 3 , 
Bannari amman sugars ltd. , 3 , 21 , 
Fomento resorts & hotels ltd. , 3 , 3 , 
Apollo tyres ltd. , 3 , 7 , 
Huhtamaki ppl limited , 3 , 7 , 
Mbl infrastructures ltd , 3 , 4 ,  1:1
National fertilizers ltd. , 3 , 1 , 
Dalmia bharat ltd. , 3 , 5 , 
Kirloskar pneumatic co.ltd. , 3 , 22 , 
Gini silk mills ltd.-$ , 3 , 0 , 
Mack trading co.ltd. , 3 , 0 , 
Lakshmi machine works ltd. , 3 , 112 , 
Gic housing finance ltd. , 3 , 15 , 
Ge t&d india ltd , 3 , 3 , 
Intrasoft technologies ltd. , 3 , 5 , 
Tamil nadu newsprint & papers ltd. , 3 , 20 , 
Disa india ltd. , 3 , 6 , 
Chambal fertilisers & chemicals ltd. , 3 , 3 , 
Sukhjit starch & chemicals ltd.-$ , 3 , 15 , 
Somany ceramics ltd. , 3 , 6 , 
Jk tyre & industries ltd. , 3 , 5 , 
Oceanaa biotek industries ltd , 3 , 0 ,  7:10
Cg-vak software & exports ltd. , 3 , 0 , 
Paisalo digital ltd , 3 , 3 , 
Tamboli capital ltd. , 3 , 0 , 
Elantas beck india ltd.-$ , 3 , 13 , 
Bajaj finserv ltd. , 3 , 3 , 
T d power systems ltd. , 3 , 6 , 
Goodyear india ltd. , 3 , 34 , 
Indo thai securities ltd. , 3 , 3 , 
Glaxosmithkline consumer healthcare ltd. , 3 , 195 , 
Jubilant life sciences limited , 3 , 9 , 
Prestige estates projects ltd. , 3 , 3 , 
Blue chip tex industries ltd. , 3 , 3 , 
Selan exploration technology ltd.-$ , 3 , 15 , 
Beekay steel industries ltd , 3 , 3 , 
Zodiac clothing co.ltd. , 3 , 4 , 
Rupa & company ltd. , 3 , 6 , 
Bhartiya international ltd. , 3 , 3 , 
Pnb gilts ltd. , 3 , 4 , 
Sanghvi movers ltd. , 3 , 7 , 
Khaitan chemicals & fertilizers ltd. , 3 , 0 , 
Zenith fibres ltd.-$ , 3 , 7 , 
United breweries ltd.-$ , 3 , 3 , 
B.n.rathi securities ltd. , 3 , 2 , 
Alkyl amines chemicals ltd.-$ , 3 , 19 , 
Comfort intech ltd.-$ , 3 , 0 , 
Ambika cotton mills ltd. , 3 , 39 , 
Kamdhenu ltd , 3 , 0 , 
Lumax auto technologies ltd. , 3 , 15 , 
Orient bell limited-$ , 3 , 0 , 
Lux industries ltd , 3 , 7 , 
Banswara syntex ltd.-$ , 3 , 4 , 
Natural capsules ltd. , 3 , 3 , 
Oriental aromatics ltd-$ , 3 , 3 , 
Savita oil technologies ltd. , 3 , 20 , 
Comfort commotrade ltd. , 3 , 0 , 
Shreyas shipping & logistics ltd. , 3 , 3 , 
Gowra leasing & finance ltd. , 3 , 3 , 
Tata power co.ltd. , 3 , 3 , 
Sangam (india) ltd. , 3 , 6 , 
Jindal poly films ltd. , 3 , 3 , 
Mmtc ltd. , 3 , 0 , 
Atul ltd. , 3 , 28 , 
Mayur leather products ltd. , 3 , 0 , 
Kddl ltd.-$ , 3 , 4 , 
Baid leasing and finance co.ltd. , 3 , 0 , 
Sil investments ltd. , 3 , 3 , 
A.k.capital services ltd. , 3 , 18 , 
B & a ltd. , 3 , 9 , 
Ptl enterprises ltd.-$ , 3 , 3 , 
Zodiac-jrd-mkj ltd. , 3 , 0 , 
Gocl corporation ltd-$ , 3 , 4 , 
Century textiles & industries ltd. , 3 , 15 , 
Aries agro ltd. , 3 , 5 , 
Alkali metals ltd. , 3 , 0 , 
Bal pharma ltd. , 3 , 3 , 
Kirloskar industries ltd , 3 , 60 , 
Safari industries (india) ltd. , 3 , 4 , 
Srei infrastructure finance ltd. , 3 , 0 , 
Lupin ltd. , 3 , 21 , 
Nacl industries ltd , 3 , 0 , 
Ram ratna wires ltd.-$ , 3 , 2 , 
Anant raj limited-$ , 3 , 0 , 
Agro tech foods ltd. , 3 , 6 , 
Bnk capital markets ltd. , 3 , 2 , 
Singer india ltd. , 3 , 7 , 
Som distilleries & breweries ltd. , 3 , 3 , 
Poddar housing and development ltd , 3 , 3 , 
Bombay burmah trading corp.ltd. , 3 , 3 , 
Acrysil ltd. , 3 , 14 , 
Duke offshore ltd. , 3 , 1 , 
Hawkins cookers ltd.-$ , 3 , 175 , 
Bsl ltd. , 3 , 3 , 
Mangal credit and fincorp ltd. , 3 , 0 ,  5:1
Orient refractories ltd. , 3 , 4 , 
Hindustan tin works ltd.-$ , 3 , 3 , 
Gujarat gas ltd , 3 , 10 , 
Mphasis ltd. , 3 , 53 , 
Triton valves ltd. , 3 , 39 , 
Honda siel power products ltd. , 3 , 19 , 
Linde india limited , 3 , 1 , 
Lic housing finance ltd. , 3 , 16 , 
Kaira can co.ltd. , 3 , 15 , 
Shreyans industries ltd.-$ , 3 , 3 , 
Mysore petro chemicals ltd.-$ , 3 , 4 , 
Geecee ventures limited , 3 , 3 , 
Skf india ltd , 3 , 27 , 
Cil securities ltd. , 3 , 0 , 
Shardul securities ltd. , 3 , 0 , 
Modern shares & stockbrokers ltd. , 3 , 1 , 
Tv today network ltd. , 3 , 4 , 
Thermax ltd. , 3 , 19 , 
Shemaroo entertainment ltd , 3 , 3 , 
Century plyboards (i) ltd.-$ , 3 , 3 , 
Ecoplast ltd.-$ , 3 , 3 , 
Alembic pharmaceuticals ltd. , 3 , 11 , 
Loyal textile mills ltd.-$ , 3 , 27 , 
Bliss gvs pharma ltd. , 3 , 0 , 
Syncom formulations (india) ltd.-$ , 3 , 0 , 
Grasim industries ltd. , 3 , 45 , 
Kaveri seed company ltd. , 3 , 7 , 
De nora india ltd. , 3 , 7 , 
Thangamayil jewellery ltd , 3 , 4 , 
Lt foods ltd. , 3 , 3 , 
Bharat seats ltd.-$ , 3 , 0 , 
Tips industries ltd. , 3 , 3 , 
Jk lakshmi cement ltd. , 3 , 2 , 
Visagar polytex ltd. , 3 , 0 ,  10:1 & 1:3
Mercator ltd.-$ , 3 , 0 , 
Shristi infrastructure development corporation ltd. , 3 , 0 , 
Hbl power systems ltd.-$ , 3 , 0 , 
Man industries (india) ltd.-$ , 3 , 3 , 
Nila infrastructures ltd. , 3 , 0 , 
Mukesh babu financial services ltd. , 3 , 3 , 
Indsil hydro power and manganese ltd.-$ , 3 , 1 , 
Navkar builders ltd. , 3 , 1 , 
Coal india ltd. , 4 , 62 , 
Asi industries ltd , 4 , 1 ,  1:4
Dai-ichi karkaria ltd.-$ , 4 , 8 , 
Tata coffee ltd. , 4 , 3 , 
Indian metals & ferro alloys ltd. , 4 , 26 , 
Amines & plasticizers ltd. , 4 , 0 ,  1:1
Pix transmissions ltd. , 4 , 4 , 
Havells india ltd. , 4 , 12 , 
Kothari products ltd. , 4 , 12 ,  1:2
Veto switchgears and cables ltd , 4 , 3 , 
Akzo nobel india limited , 4 , 112 , 
Prima plastics ltd. , 4 , 5 , 
High ground enterprise ltd , 4 , 0 ,  1:10
Alicon castalloy limited , 4 , 12 , 
Kanco tea & industries ltd. , 4 , 12 ,  2:1
Mahanagar gas ltd , 4 , 44 , 
Kallam textiles ltd-$ , 4 , 2 ,  1:4
Dcm shriram industries ltd.-$ , 4 , 13 , 
Dishman pharmaceuticals & chemicals ltd. , 4 , 5 ,  1:1
Vakrangee limited-$ , 4 , 3 ,  1:1
Bosch ltd. , 4 , 335 , 
Bajaj auto ltd. , 4 , 160 , 
Igarashi motors india ltd. , 4 , 15 , 
Himatsingka seide ltd. , 4 , 6 , 
Lancor holdings ltd. , 4 , 2 ,  1:1
Dlf ltd. , 4 , 7 , 
Coromandel international ltd. , 4 , 14 , 
Neelamalai agro industries ltd. , 4 , 80 , 
Rajesh exports ltd. , 4 , 2 , 
Eclerx services ltd. , 4 , 37 ,  1:3
Biocon ltd. , 4 , 11 ,  2:1
Pc jeweller ltd. , 4 , 7 ,  1:1
Grindwell norton ltd.-$ , 4 , 16 ,  1:1
Maithan alloys ltd. , 4 , 6 ,  1:1
Kirloskar oil engines ltd. , 4 , 17 , 
Beardsell ltd , 4 , 2 ,  1:5
Grauer & weil (india) ltd.-$ , 4 , 0 , 
Vesuvius india ltd. , 4 , 24 , 
Alpine housing development corporation ltd. , 4 , 1 ,  1:1
Icici bank ltd. , 4 , 12 ,  1:10
V-mart retail ltd. , 4 , 3 , 
Ccl products (india) ltd. , 4 , 5 , 
The phoenix mills ltd , 4 , 5 , 
Itc ltd. , 4 , 18 ,  1:2
Jyothy laboratories ltd. , 4 , 15 , 
Karur vysya bank ltd. , 4 , 29 , 
Mep infrastructure developers ltd , 4 , 0 , 
Redington (india) ltd. , 4 , 7 , 
Trent ltd. , 4 , 19 , 
Industrial & prudential investments co.ltd. , 4 , 180 ,  2:1
Bharti airtel ltd. , 4 , 6 , 
Wim plast ltd.-$ , 4 , 29 ,  1:1
Visaka industries ltd. , 4 , 16 , 
Nava bharat ventures ltd. , 4 , 9 ,  1:1
Relaxo footwears ltd.-$ , 4 , 1 ,  1:1
Swelect energy systems limited-$ , 4 , 10 , 
Nrb bearings ltd. , 4 , 4 , 
R systems international limited , 4 , 3 , 
Fineotex chemical ltd. , 4 , 0 , 
Bodal chemicals ltd. , 4 , 0 , 
Goldiam international ltd. , 4 , 5 , 
G.m.breweries ltd. , 4 , 7 ,  1:4
Gp petroleums limited , 4 , 0 , 
Om metals infraprojects ltd. , 4 , 0 , 
Venky's (india) ltd. , 4 , 16 ,  1:2
Tourism finance corporation of india ltd. , 4 , 3 , 
Cesc ltd. , 4 , 41 , 
Finolex industries ltd. , 4 , 22 , 
Century enka ltd. , 4 , 20 , 
Graphite india ltd. , 4 , 11 , 
Apar industries ltd. , 4 , 19 , 
Chaman lal setia exports ltd.-$ , 4 , 2 ,  1:10
Bharti infratel ltd. , 4 , 25 , 
Amara raja batteries ltd. , 4 , 13 , 
Kotak mahindra bank ltd. , 4 , 0 ,  1:1
Tci express ltd , 4 , 2 , 
Thirumalai chemicals ltd. , 4 , 32 , 
Hisar metal industries ltd.-$ , 4 , 3 ,  1:2
Divi's laboratories ltd. , 4 , 40 ,  1:1
Larsen & toubro ltd. , 4 , 48 ,  1:2
Petronet lng ltd. , 4 , 6 ,  1:1
Goodluck india ltd , 4 , 0 , 
Sandesh ltd. , 4 , 19 , 
Elcid investments ltd. , 4 , 40 , 
Leel electricals ltd , 4 , 23 , 
Adc india communications limited-$ , 4 , 35 , 
Garware-wall ropes ltd. , 4 , 10 , 
Kesar terminals & infrastructure ltd. , 4 , 4 ,  1:25
Blue dart express ltd. , 4 , 65 , 
Dr. lal pathlabs ltd , 4 , 5 , 
Bajaj holdings & investment ltd. , 4 , 96 , 
Vinati organics ltd.-$ , 4 , 6 , 
Bdh industries ltd. , 4 , 5 , 
Indoco remedies ltd. , 4 , 3 , 
Thyrocare technologies ltd , 4 , 17 , 
Pokarna ltd. , 4 , 16 , 
La opala rg ltd. , 4 , 4 ,  1:1
Insecticides (india) ltd. , 4 , 6 ,  1:2
Procter & gamble hygiene & health care ltd. , 4 , 455 , 
Alkem laboratories ltd , 4 , 30 , 
Shilchar technologies ltd. , 4 , 6 , 
Garnet international ltd. , 4 , 1 ,  2:1
Sagar cements ltd.-$ , 4 , 10 , 
Rallis india ltd. , 4 , 6 , 
Reliance industries ltd. , 4 , 31 ,  1:1
Gloster ltd , 4 , 14 ,  1:1
Eastern treads ltd. , 4 , 0 , 
Tvs srichakra ltd.-$ , 4 , 143 , 
Phillips carbon black ltd. , 4 , 15 , 
Tech mahindra ltd. , 4 , 27 , 
Ajanta pharma ltd. , 4 , 27 , 
Bhageria industries ltd , 4 , 14 , 
Man infraconstruction ltd. , 4 , 0 , 
Ceinsys tech ltd , 4 , 2 ,  1:10
Pincon spirit ltd , 4 , 0 ,  1:1 & 1:1
Tata communications ltd. , 4 , 14 , 
Pearl global industries limited , 4 , 7 , 
Panama petrochem ltd. , 4 , 3 ,  1:2
Sunil hitech engineers ltd. , 4 , 2 ,  1:1
Premco global ltd.-$ , 4 , 7 , 
Balmer lawrie & co.ltd. , 4 , 45 ,  3:1
Federal bank ltd. , 4 , 2 ,  1:1
Empire industries ltd. , 4 , 73 , 
Kpit technologies limited , 4 , 5 , 
Modison metals ltd.-$ , 4 , 3 , 
Viji finance ltd , 4 , 0 ,  1:10
Sarla performance fibers ltd.-$ , 4 , 9 , 
Ganesh housing corporation ltd.-$ , 4 , 6 ,  1:2
Heritage foods limited , 4 , 10 , 
Techno electric and engineering co. ltd. , 4 , 6 ,  1:1
Tata elxsi ltd. , 4 , 41 ,  1:1
Wonderla holidays ltd , 4 , 3 , 
Indraprastha gas ltd. , 4 , 20 , 
Nelcast ltd. , 4 , 0 , 
Brigade enterprises ltd. , 4 , 6 , 
Coastal corporation ltd. , 4 , 3 ,  1:1
Ttk prestige ltd. , 4 , 76 , 
Pfizer ltd. , 4 , 47 , 
Ruby mills ltd. , 4 , 4 ,  1:1
Associated alcohols & breweries ltd. , 4 , 1 ,  1:1
Shilpa medicare ltd. , 4 , 1 , 
Ghcl ltd. , 4 , 9 , 
Genus power infrastructures ltd.-$ , 4 , 0 , 
Compuage infocom ltd. , 4 , 4 ,  3:5
Indo amines ltd.-$ , 4 , 1 , 
Captain polyplast ltd , 4 , 0 ,  1:8
Finolex cables ltd. , 4 , 6 , 
Mahindra holidays & resorts india ltd. , 4 , 14 ,  1:2
Balaji telefilms ltd. , 4 , 0 , 
Apcotex industries ltd. , 4 , 15 ,  1:1
Ajmera realty & infra india ltd. , 4 , 5 , 
Caplin point laboratories ltd. , 4 , 11 , 
Mahindra & mahindra ltd. , 4 , 37 ,  1:1
Marathon nextgen realty ltd. , 4 , 8 ,  1:2
Siyaram silk mills ltd.-$ , 4 , 38 , 
Eih associated hotels ltd.-$ , 4 , 11 , 
Shivalik bimetal controls ltd. , 4 , 0 ,  1:1
Goa carbon ltd.-$ , 4 , 10 , 
Steel strips wheels ltd.-$ , 4 , 7 , 
Fiem industries ltd. , 4 , 23 , 
Hindustan composites ltd. , 4 , 2 ,  1:2
Kovai medical center & hospital ltd. , 4 , 5 , 
Pidilite industries ltd. , 4 , 9 , 
Emami ltd.-$ , 4 , 16 , 
Sterlite technologies ltd. , 4 , 1 , 
Munjal auto industries ltd. , 4 , 5 ,  1:1
Gujarat pipavav port ltd. , 4 , 5 , 
Manpasand beverages ltd , 4 , 3 ,  1:1
Arfin india ltd , 4 , 4 ,  2:1
Nandan denim limited , 4 , 2 , 
Chembond chemicals ltd.-$ , 4 , 13 , 
Arrow greentech ltd , 5 , 11 , 
Allcargo logistics ltd. , 5 , 5 ,  1:1
Orient paper & industries ltd. , 5 , 0 , 
National fittings limited , 5 , 8 , 
Jamna auto industries ltd. , 5 , 7 , 
Aarti drugs ltd. , 5 , 10 , 
Kanpur plastipack ltd. , 5 , 3 ,  1:2
Mold-tek packaging limited , 5 , 8 , 
Gillette india ltd. , 5 , 218 , 
Icici prudential life insurance company ltd , 5 , 7 , 
Solar industries india ltd. , 5 , 36 , 
Suven life sciences ltd. , 5 , 4 , 
Indiabulls ventures limited , 5 , 3 , 
Dhanuka agritech ltd. , 5 , 12 , 
Muthoot finance ltd. , 5 , 24 , 
Ncl industries ltd.-$ , 5 , 5 , 
Damodar industries ltd.-$ , 5 , 5 ,  1:4
Kansai nerolac paints ltd. , 5 , 5 , 
Apm industries ltd.-$ , 5 , 5 , 
L.g.balakrishnan & bros.ltd. , 5 , 15 , 
Welspun india ltd. , 5 , 19 , 
Ambuja cements ltd. , 5 , 5 , 
Nile ltd. , 5 , 14 , 
V-guard industries ltd. , 5 , 10 ,  2:5
Datamatics global services ltd. , 5 , 0 , 
India motor parts & accessories ltd. , 5 , 29 , 
Acc ltd. , 5 , 45 , 
Vedanta limited , 5 , 44 , 
J.b.chemicals & pharmaceuticals ltd. , 5 , 19 , 
D b corp ltd , 5 , 18 , 
Motherson sumi systems ltd. , 5 , 7 ,  1:2 & 1:2
Bajaj finance limited , 5 , 46 ,  1:1
City union bank ltd. , 5 , 2 ,  1:10
Aia engineering ltd. , 5 , 34 , 
National aluminium co.ltd. , 5 , 7 , 
Berger paints india ltd. , 5 , 2 ,  2:5
Savera industries ltd. , 5 , 4 , 
Aarti industries ltd. , 5 , 10 , 
Indian card clothing co.ltd. , 5 , 28 , 
Rico auto industries ltd. , 5 , 2 , 
Ti financial holdings ltd , 5 , 5 , 
Polyplex corporation ltd. , 5 , 17 , 
Jenburkt pharmaceuticals ltd. , 5 , 23 , 
Rane (madras) ltd. , 5 , 18 , 
Anuh pharma ltd. , 5 , 9 ,  2:1
Great eastern shipping co.ltd. , 5 , 29 , 
K.p.r.mill ltd. , 5 , 15 , 
Natco pharma ltd. , 5 , 15 , 
Rane brake lining ltd. , 5 , 38 , 
Sharda cropchem ltd , 5 , 11 , 
Indo count industries ltd. , 5 , 2 , 
Virat crane industries ltd. , 5 , 1 , 
Rane holdings ltd. , 5 , 30 , 
Siemens ltd. , 5 , 50 , 
Plastiblends india ltd.-$ , 5 , 13 ,  1:1
Supreme petrochem ltd. , 5 , 7 , 
Advani hotels & resorts (india) ltd. , 5 , 0 , 
Power grid corporation of india ltd. , 6 , 8 , 
Sudarshan chemical industries ltd. , 6 , 8 , 
Sundaram finance ltd. , 6 , 27 , 
Gulshan polyols ltd. , 6 , 5 , 
Hindustan unilever ltd. , 6 , 49 , 
Nhpc ltd. , 6 , 2 , 
Ppap automotive limited , 6 , 7 , 
Sonata software ltd. , 6 , 23 , 
Triveni turbine ltd. , 6 , 0 , 
Gabriel india ltd.-$ , 6 , 0 , 
India nippon electricals ltd. , 6 , 29 , 
Wendt (india) ltd. , 6 , 75 , 
Shriram city union finance ltd. , 6 , 46 , 
M.m.forgings ltd.-$ , 6 , 20 , 
Sandur manganese & iron ores ltd. , 6 , 16 , 
Banco products (india) ltd.-$ , 6 , 19 , 
Sundaram-clayton ltd. , 6 , 93 , 
Wheels india ltd. , 6 , 31 , 
Motilal oswal financial services ltd. , 6 , 13 , 
Jain irrigation systems ltd. , 6 , 0 , 
Tata chemicals ltd. , 6 , 45 , 
Exide industries ltd. , 6 , 3 , 
Sundram fasteners ltd. , 6 , 5 , 
Hil ltd. , 6 , 57 , 
Sharda motor industries ltd , 6 , 35 , 
Nmdc ltd. , 6 , 20 , 
Ntpc ltd. , 6 , 9 , 
Nlc india ltd , 6 , 14 , 
Isgec heavy engineering ltd. , 6 , 76 , 
Swaraj engines ltd. , 6 , 109 , 
Gateway distriparks ltd. , 6 , 20 , 
Orbit exports ltd. , 6 , 7 ,  1:1
Minda corporation ltd , 6 , 0 , 
Ingersoll-rand (india) ltd. , 6 , 18 , 
Housing development finance corp.ltd. , 6 , 51 , 
Accelya kale solutions limitd , 6 , 135 , 
Suprajit engineering ltd.-$ , 6 , 0 , 
Gulf oil lubricants india ltd , 6 , 22 , 
Menon bearings ltd.-$ , 6 , 2 ,  1:5
Hero motocorp ltd. , 6 , 242 , 
Minda industries ltd.-$ , 6 , 13 , 
Greaves cotton ltd. , 6 , 15 , 
Bharat heavy electricals ltd. , 6 , 0 ,  1:2
Cholamandalam investment and finance company ltd , 6 , 14 , 
Centum electronics ltd. , 6 , 11 , 
Sqs india bfsi limited , 6 , 72 , 
Nbcc (india) ltd , 6 , 8 ,  1:2
Monsanto india ltd. , 6 , 93 , 
Atul auto ltd.-$ , 6 , 11 , 
Sjvn ltd , 6 , 3 , 
Automobile corporation of goa ltd.-$ , 6 , 48 , 
Zensar technologies ltd. , 6 , 35 , 
Torrent pharmaceuticals ltd. , 6 , 64 , 
Oriental carbon & chemicals ltd.-$ , 6 , 26 , 
Shriram transport finance co.ltd. , 6 , 31 , 
Indag rubber ltd.-$ , 6 , 3 , 
Dabur india ltd. , 6 , 5 , 
Mold-tek technologies ltd. , 6 , 3 , 
Astral poly technik ltd. , 6 , 0 , 
Pi industries ltd , 6 , 7 , 
Carborundum universal ltd. , 6 , 3 , 
Edelweiss financial services ltd. , 6 , 3 , 
Future enterprises ltd , 6 , 0 , 
Nilkamal ltd. , 6 , 25 , 
Ashoka buildcon ltd. , 6 , 0 , 
Asm technologies ltd. , 6 , 13 , 
Hester biosciences ltd. , 6 , 16 , 
Srf ltd. , 6 , 34 , 
Jm financial ltd.-$ , 6 , 0 , 
Cummins india ltd. , 6 , 42 , 
The hi-tech gears ltd , 6 , 6 , 
Indian hume pipe co.ltd. , 6 , 9 ,  1:1
V.i.p.industries ltd.-$ , 6 , 4 , 
Wipro ltd. , 6 , 16 ,  1:1
Avt natural products ltd. , 6 , 0 , 
Mastek ltd. , 6 , 8 , 
Moil ltd. , 7 , 22 ,  1:1
Gpt infraprojects ltd. , 7 , 6 ,  1:1
Hikal ltd. , 7 , 0 , 
Aegis logistics ltd. , 7 , 0 , 
Cupid ltd.-$ , 7 , 9 , 
Alankit ltd , 7 , 1 ,  1:1
Kitex garments ltd. , 7 , 1 ,  2:5
Harita seating systems ltd.-$ , 7 , 18 , 
Sterling tools ltd.-$ , 7 , 23 , 
Transport corporation of india ltd. , 7 , 1 , 
Persistent systems ltd. , 7 , 28 , 
Precision wires india ltd. , 7 , 11 , 
Container corporation of india ltd. , 7 , 43 ,  1:4
Shree cement ltd. , 7 , 198 , 
Nicco parks & resorts ltd.-$ , 7 , 0 , 
Control print ltd.-$ , 7 , 16 ,  1:2
Supreme industries ltd. , 7 , 32 , 
Tvs motor company ltd. , 7 , 8 , 
Navin fluorine international limited-$ , 7 , 63 , 
Asian paints ltd. , 7 , 22 , 
Infosys ltd. , 7 , 91 ,  1:1
Poly medicure ltd. , 7 , 6 ,  1:1
Engineers india ltd. , 7 , 10 ,  1:1
Tide water oil (india) ltd. , 7 , 712 ,  1:1
Irb infrastructure developers ltd. , 7 , 15 , 
Rural electrification corporation ltd. , 7 , 35 ,  1:1
Sanofi india ltd , 8 , 186 , 
Info edge (india) ltd. , 8 , 11 , 
Sasken technologies ltd , 8 , 47 , 
Mrf ltd. , 8 , 166 , 
Trident ltd. , 8 , 0 , 
Power finance corporation ltd. , 8 , 24 ,  1:1
Amrutanjan health care ltd.-$ , 8 , 10 , 
Bharat forge ltd. , 8 , 20 ,  1:1
Gail (india) ltd. , 8 , 25 ,  1:3 & 1:3
Dewan housing finance corporation ltd. , 8 , 17 ,  1:1
Cyient limited , 8 , 31 , 
Hindustan zinc ltd. , 8 , 64 , 
Marico ltd. , 8 , 9 ,  1:1
Oil india ltd. , 8 , 53 ,  1:3 & 1:2
Castrol india ltd. , 8 , 27 ,  1:1
Hatsun agro product ltd. , 8 , 9 ,  2:5
Jayant agro-organics ltd. , 9 , 12 ,  1:1
Indian oil corporation ltd. , 9 , 56 ,  1:1 & 1:1
Foseco india ltd. , 9 , 62 , 
Take solutions ltd. , 9 , 0 , 
Dcm shriram limited , 9 , 13 , 
Sun tv network ltd. , 9 , 33 , 
Bharat electronics ltd. , 9 , 44 ,  2:1 & 1:10
Aurobindo pharma ltd. , 10 , 5 ,  1:1
Oil and natural gas corporation ltd. , 10 , 18 ,  1:2
Hindustan petroleum corporation ltd. , 10 , 101 ,  2:1 & 1:2
Kushal ltd , 10 , 1 ,  1:1
Bharat petroleum corporation ltd. , 10 , 98 ,  1:1 & 1:2
Balkrishna industries ltd.-$ , 11 , 19 ,  1:1
Colgate-palmolive (india) ltd. , 11 , 41 ,  1:1
Symphony limited , 11 , 42 ,  1:1
Nestle india ltd. , 11 , 186 , 
Hexaware technologies ltd. , 12 , 17 , 
Tata consultancy services ltd. , 12 , 132 , 
Indiabulls housing finance ltd , 12 , 113 , 
Care ratings ltd , 12 , 82 , 
Vidhi specialty food ingredients ltd-$ , 12 , 0 , 
Granules india ltd.-$ , 12 , 0 , 
Manappuram finance ltd. , 12 , 0 , 
Hinduja global solutions ltd. , 12 , 33 , 
Hcl technologies ltd. , 12 , 56 , 
Page industries ltd. , 12 , 298 , 
Gmm pfaudler ltd. , 12 , 1 , 
Godrej consumer products ltd. , 13 , 25 ,  1:1
Mayur uniquoters ltd.-$ , 13 , 0 , 
Crisil ltd. , 13 , 78 , 
Mindtree ltd. , 14 , 42 ,  1:1
Kewal kiran clothing ltd. , 14 , 112 , 
